observation_id,git_revision,min_support,repeat_index,k,source,generated,pruned,evaluated,frequent,pruning_ratio
OBS-00001,fd318b3ca0d3829c0849ee2a5ef783caaae72fdb,0.4,7,1,singleton_scan,119,0,119,21,0.000000
OBS-00001,fd318b3ca0d3829c0849ee2a5ef783caaae72fdb,0.4,7,2,join_prune,210,0,210,97,0.000000
OBS-00001,fd318b3ca0d3829c0849ee2a5ef783caaae72fdb,0.4,7,3,join_prune,321,106,215,185,0.330218
OBS-00001,fd318b3ca0d3829c0849ee2a5ef783caaae72fdb,0.4,7,4,join_prune,305,119,186,170,0.390164
OBS-00001,fd318b3ca0d3829c0849ee2a5ef783caaae72fdb,0.4,7,5,join_prune,130,52,78,76,0.400000
OBS-00001,fd318b3ca0d3829c0849ee2a5ef783caaae72fdb,0.4,7,6,join_prune,18,3,15,15,0.166667
OBS-00001,fd318b3ca0d3829c0849ee2a5ef783caaae72fdb,0.4,7,7,join_prune,1,0,1,1,0.000000
OBS-00002,fd318b3ca0d3829c0849ee2a5ef783caaae72fdb,0.35,6,1,singleton_scan,119,0,119,24,0.000000
OBS-00002,fd318b3ca0d3829c0849ee2a5ef783caaae72fdb,0.35,6,2,join_prune,276,0,276,131,0.000000
OBS-00002,fd318b3ca0d3829c0849ee2a5ef783caaae72fdb,0.35,6,3,join_prune,563,208,355,310,0.369449
OBS-00002,fd318b3ca0d3829c0849ee2a5ef783caaae72fdb,0.35,6,4,join_prune,649,243,406,379,0.374422
OBS-00002,fd318b3ca0d3829c0849ee2a5ef783caaae72fdb,0.35,6,5,join_prune,390,134,256,250,0.343590
OBS-00002,fd318b3ca0d3829c0849ee2a5ef783caaae72fdb,0.35,6,6,join_prune,118,34,84,84,0.288136
OBS-00002,fd318b3ca0d3829c0849ee2a5ef783caaae72fdb,0.35,6,7,join_prune,16,5,11,11,0.312500
OBS-00003,fd318b3ca0d3829c0849ee2a5ef783caaae72fdb,0.5,9,1,singleton_scan,119,0,119,13,0.000000
OBS-00003,fd318b3ca0d3829c0849ee2a5ef783caaae72fdb,0.5,9,2,join_prune,78,0,78,41,0.000000
OBS-00003,fd318b3ca0d3829c0849ee2a5ef783caaae72fdb,0.5,9,3,join_prune,75,12,63,56,0.160000
OBS-00003,fd318b3ca0d3829c0849ee2a5ef783caaae72fdb,0.5,9,4,join_prune,48,9,39,35,0.187500
OBS-00003,fd318b3ca0d3829c0849ee2a5ef783caaae72fdb,0.5,9,5,join_prune,15,7,8,8,0.466667
OBS-00003,fd318b3ca0d3829c0849ee2a5ef783caaae72fdb,0.5,9,6,join_prune,1,1,0,0,1.000000
OBS-00004,fd318b3ca0d3829c0849ee2a5ef783caaae72fdb,0.5,7,1,singleton_scan,119,0,119,13,0.000000
OBS-00004,fd318b3ca0d3829c0849ee2a5ef783caaae72fdb,0.5,7,2,join_prune,78,0,78,41,0.000000
OBS-00004,fd318b3ca0d3829c0849ee2a5ef783caaae72fdb,0.5,7,3,join_prune,75,12,63,56,0.160000
OBS-00004,fd318b3ca0d3829c0849ee2a5ef783caaae72fdb,0.5,7,4,join_prune,48,9,39,35,0.187500
OBS-00004,fd318b3ca0d3829c0849ee2a5ef783caaae72fdb,0.5,7,5,join_prune,15,7,8,8,0.466667
OBS-00004,fd318b3ca0d3829c0849ee2a5ef783caaae72fdb,0.5,7,6,join_prune,1,1,0,0,1.000000
OBS-00005,fd318b3ca0d3829c0849ee2a5ef783caaae72fdb,0.5,3,1,singleton_scan,119,0,119,13,0.000000
OBS-00005,fd318b3ca0d3829c0849ee2a5ef783caaae72fdb,0.5,3,2,join_prune,78,0,78,41,0.000000
OBS-00005,fd318b3ca0d3829c0849ee2a5ef783caaae72fdb,0.5,3,3,join_prune,75,12,63,56,0.160000
OBS-00005,fd318b3ca0d3829c0849ee2a5ef783caaae72fdb,0.5,3,4,join_prune,48,9,39,35,0.187500
OBS-00005,fd318b3ca0d3829c0849ee2a5ef783caaae72fdb,0.5,3,5,join_prune,15,7,8,8,0.466667
OBS-00005,fd318b3ca0d3829c0849ee2a5ef783caaae72fdb,0.5,3,6,join_prune,1,1,0,0,1.000000
OBS-00006,fd318b3ca0d3829c0849ee2a5ef783caaae72fdb,0.5,4,1,singleton_scan,119,0,119,13,0.000000
OBS-00006,fd318b3ca0d3829c0849ee2a5ef783caaae72fdb,0.5,4,2,join_prune,78,0,78,41,0.000000
OBS-00006,fd318b3ca0d3829c0849ee2a5ef783caaae72fdb,0.5,4,3,join_prune,75,12,63,56,0.160000
OBS-00006,fd318b3ca0d3829c0849ee2a5ef783caaae72fdb,0.5,4,4,join_prune,48,9,39,35,0.187500
OBS-00006,fd318b3ca0d3829c0849ee2a5ef783caaae72fdb,0.5,4,5,join_prune,15,7,8,8,0.466667
OBS-00006,fd318b3ca0d3829c0849ee2a5ef783caaae72fdb,0.5,4,6,join_prune,1,1,0,0,1.000000
OBS-00007,fd318b3ca0d3829c0849ee2a5ef783caaae72fdb,0.4,1,1,singleton_scan,119,0,119,21,0.000000
OBS-00007,fd318b3ca0d3829c0849ee2a5ef783caaae72fdb,0.4,1,2,join_prune,210,0,210,97,0.000000
OBS-00007,fd318b3ca0d3829c0849ee2a5ef783caaae72fdb,0.4,1,3,join_prune,321,106,215,185,0.330218
OBS-00007,fd318b3ca0d3829c0849ee2a5ef783caaae72fdb,0.4,1,4,join_prune,305,119,186,170,0.390164
OBS-00007,fd318b3ca0d3829c0849ee2a5ef783caaae72fdb,0.4,1,5,join_prune,130,52,78,76,0.400000
OBS-00007,fd318b3ca0d3829c0849ee2a5ef783caaae72fdb,0.4,1,6,join_prune,18,3,15,15,0.166667
OBS-00007,fd318b3ca0d3829c0849ee2a5ef783caaae72fdb,0.4,1,7,join_prune,1,0,1,1,0.000000
OBS-00008,fd318b3ca0d3829c0849ee2a5ef783caaae72fdb,0.5,5,1,singleton_scan,119,0,119,13,0.000000
OBS-00008,fd318b3ca0d3829c0849ee2a5ef783caaae72fdb,0.5,5,2,join_prune,78,0,78,41,0.000000
OBS-00008,fd318b3ca0d3829c0849ee2a5ef783caaae72fdb,0.5,5,3,join_prune,75,12,63,56,0.160000
OBS-00008,fd318b3ca0d3829c0849ee2a5ef783caaae72fdb,0.5,5,4,join_prune,48,9,39,35,0.187500
OBS-00008,fd318b3ca0d3829c0849ee2a5ef783caaae72fdb,0.5,5,5,join_prune,15,7,8,8,0.466667
OBS-00008,fd318b3ca0d3829c0849ee2a5ef783caaae72fdb,0.5,5,6,join_prune,1,1,0,0,1.000000
OBS-00009,fd318b3ca0d3829c0849ee2a5ef783caaae72fdb,0.5,1,1,singleton_scan,119,0,119,13,0.000000
OBS-00009,fd318b3ca0d3829c0849ee2a5ef783caaae72fdb,0.5,1,2,join_prune,78,0,78,41,0.000000
OBS-00009,fd318b3ca0d3829c0849ee2a5ef783caaae72fdb,0.5,1,3,join_prune,75,12,63,56,0.160000
OBS-00009,fd318b3ca0d3829c0849ee2a5ef783caaae72fdb,0.5,1,4,join_prune,48,9,39,35,0.187500
OBS-00009,fd318b3ca0d3829c0849ee2a5ef783caaae72fdb,0.5,1,5,join_prune,15,7,8,8,0.466667
OBS-00009,fd318b3ca0d3829c0849ee2a5ef783caaae72fdb,0.5,1,6,join_prune,1,1,0,0,1.000000
OBS-00010,fd318b3ca0d3829c0849ee2a5ef783caaae72fdb,0.6,2,1,singleton_scan,119,0,119,8,0.000000
OBS-00010,fd318b3ca0d3829c0849ee2a5ef783caaae72fdb,0.6,2,2,join_prune,28,0,28,18,0.000000
OBS-00010,fd318b3ca0d3829c0849ee2a5ef783caaae72fdb,0.6,2,3,join_prune,23,4,19,17,0.173913
OBS-00010,fd318b3ca0d3829c0849ee2a5ef783caaae72fdb,0.6,2,4,join_prune,13,6,7,7,0.461538
OBS-00010,fd318b3ca0d3829c0849ee2a5ef783caaae72fdb,0.6,2,5,join_prune,2,1,1,1,0.500000
OBS-00011,fd318b3ca0d3829c0849ee2a5ef783caaae72fdb,0.6,1,1,singleton_scan,119,0,119,8,0.000000
OBS-00011,fd318b3ca0d3829c0849ee2a5ef783caaae72fdb,0.6,1,2,join_prune,28,0,28,18,0.000000
OBS-00011,fd318b3ca0d3829c0849ee2a5ef783caaae72fdb,0.6,1,3,join_prune,23,4,19,17,0.173913
OBS-00011,fd318b3ca0d3829c0849ee2a5ef783caaae72fdb,0.6,1,4,join_prune,13,6,7,7,0.461538
OBS-00011,fd318b3ca0d3829c0849ee2a5ef783caaae72fdb,0.6,1,5,join_prune,2,1,1,1,0.500000
OBS-00012,fd318b3ca0d3829c0849ee2a5ef783caaae72fdb,0.45,6,1,singleton_scan,119,0,119,18,0.000000
OBS-00012,fd318b3ca0d3829c0849ee2a5ef783caaae72fdb,0.45,6,2,join_prune,153,0,153,67,0.000000
OBS-00012,fd318b3ca0d3829c0849ee2a5ef783caaae72fdb,0.45,6,3,join_prune,175,60,115,110,0.342857
OBS-00012,fd318b3ca0d3829c0849ee2a5ef783caaae72fdb,0.45,6,4,join_prune,139,43,96,91,0.309353
OBS-00012,fd318b3ca0d3829c0849ee2a5ef783caaae72fdb,0.45,6,5,join_prune,49,12,37,37,0.244898
OBS-00012,fd318b3ca0d3829c0849ee2a5ef783caaae72fdb,0.45,6,6,join_prune,6,0,6,6,0.000000
OBS-00013,fd318b3ca0d3829c0849ee2a5ef783caaae72fdb,0.45,1,1,singleton_scan,119,0,119,18,0.000000
OBS-00013,fd318b3ca0d3829c0849ee2a5ef783caaae72fdb,0.45,1,2,join_prune,153,0,153,67,0.000000
OBS-00013,fd318b3ca0d3829c0849ee2a5ef783caaae72fdb,0.45,1,3,join_prune,175,60,115,110,0.342857
OBS-00013,fd318b3ca0d3829c0849ee2a5ef783caaae72fdb,0.45,1,4,join_prune,139,43,96,91,0.309353
OBS-00013,fd318b3ca0d3829c0849ee2a5ef783caaae72fdb,0.45,1,5,join_prune,49,12,37,37,0.244898
OBS-00013,fd318b3ca0d3829c0849ee2a5ef783caaae72fdb,0.45,1,6,join_prune,6,0,6,6,0.000000
OBS-00014,fd318b3ca0d3829c0849ee2a5ef783caaae72fdb,0.4,10,1,singleton_scan,119,0,119,21,0.000000
OBS-00014,fd318b3ca0d3829c0849ee2a5ef783caaae72fdb,0.4,10,2,join_prune,210,0,210,97,0.000000
OBS-00014,fd318b3ca0d3829c0849ee2a5ef783caaae72fdb,0.4,10,3,join_prune,321,106,215,185,0.330218
OBS-00014,fd318b3ca0d3829c0849ee2a5ef783caaae72fdb,0.4,10,4,join_prune,305,119,186,170,0.390164
OBS-00014,fd318b3ca0d3829c0849ee2a5ef783caaae72fdb,0.4,10,5,join_prune,130,52,78,76,0.400000
OBS-00014,fd318b3ca0d3829c0849ee2a5ef783caaae72fdb,0.4,10,6,join_prune,18,3,15,15,0.166667
OBS-00014,fd318b3ca0d3829c0849ee2a5ef783caaae72fdb,0.4,10,7,join_prune,1,0,1,1,0.000000
OBS-00015,fd318b3ca0d3829c0849ee2a5ef783caaae72fdb,0.45,5,1,singleton_scan,119,0,119,18,0.000000
OBS-00015,fd318b3ca0d3829c0849ee2a5ef783caaae72fdb,0.45,5,2,join_prune,153,0,153,67,0.000000
OBS-00015,fd318b3ca0d3829c0849ee2a5ef783caaae72fdb,0.45,5,3,join_prune,175,60,115,110,0.342857
OBS-00015,fd318b3ca0d3829c0849ee2a5ef783caaae72fdb,0.45,5,4,join_prune,139,43,96,91,0.309353
OBS-00015,fd318b3ca0d3829c0849ee2a5ef783caaae72fdb,0.45,5,5,join_prune,49,12,37,37,0.244898
OBS-00015,fd318b3ca0d3829c0849ee2a5ef783caaae72fdb,0.45,5,6,join_prune,6,0,6,6,0.000000
OBS-00016,fd318b3ca0d3829c0849ee2a5ef783caaae72fdb,0.35,1,1,singleton_scan,119,0,119,24,0.000000
OBS-00016,fd318b3ca0d3829c0849ee2a5ef783caaae72fdb,0.35,1,2,join_prune,276,0,276,131,0.000000
OBS-00016,fd318b3ca0d3829c0849ee2a5ef783caaae72fdb,0.35,1,3,join_prune,563,208,355,310,0.369449
OBS-00016,fd318b3ca0d3829c0849ee2a5ef783caaae72fdb,0.35,1,4,join_prune,649,243,406,379,0.374422
OBS-00016,fd318b3ca0d3829c0849ee2a5ef783caaae72fdb,0.35,1,5,join_prune,390,134,256,250,0.343590
OBS-00016,fd318b3ca0d3829c0849ee2a5ef783caaae72fdb,0.35,1,6,join_prune,118,34,84,84,0.288136
OBS-00016,fd318b3ca0d3829c0849ee2a5ef783caaae72fdb,0.35,1,7,join_prune,16,5,11,11,0.312500
OBS-00017,fd318b3ca0d3829c0849ee2a5ef783caaae72fdb,0.4,5,1,singleton_scan,119,0,119,21,0.000000
OBS-00017,fd318b3ca0d3829c0849ee2a5ef783caaae72fdb,0.4,5,2,join_prune,210,0,210,97,0.000000
OBS-00017,fd318b3ca0d3829c0849ee2a5ef783caaae72fdb,0.4,5,3,join_prune,321,106,215,185,0.330218
OBS-00017,fd318b3ca0d3829c0849ee2a5ef783caaae72fdb,0.4,5,4,join_prune,305,119,186,170,0.390164
OBS-00017,fd318b3ca0d3829c0849ee2a5ef783caaae72fdb,0.4,5,5,join_prune,130,52,78,76,0.400000
OBS-00017,fd318b3ca0d3829c0849ee2a5ef783caaae72fdb,0.4,5,6,join_prune,18,3,15,15,0.166667
OBS-00017,fd318b3ca0d3829c0849ee2a5ef783caaae72fdb,0.4,5,7,join_prune,1,0,1,1,0.000000
OBS-00018,fd318b3ca0d3829c0849ee2a5ef783caaae72fdb,0.35,5,1,singleton_scan,119,0,119,24,0.000000
OBS-00018,fd318b3ca0d3829c0849ee2a5ef783caaae72fdb,0.35,5,2,join_prune,276,0,276,131,0.000000
OBS-00018,fd318b3ca0d3829c0849ee2a5ef783caaae72fdb,0.35,5,3,join_prune,563,208,355,310,0.369449
OBS-00018,fd318b3ca0d3829c0849ee2a5ef783caaae72fdb,0.35,5,4,join_prune,649,243,406,379,0.374422
OBS-00018,fd318b3ca0d3829c0849ee2a5ef783caaae72fdb,0.35,5,5,join_prune,390,134,256,250,0.343590
OBS-00018,fd318b3ca0d3829c0849ee2a5ef783caaae72fdb,0.35,5,6,join_prune,118,34,84,84,0.288136
OBS-00018,fd318b3ca0d3829c0849ee2a5ef783caaae72fdb,0.35,5,7,join_prune,16,5,11,11,0.312500
OBS-00019,fd318b3ca0d3829c0849ee2a5ef783caaae72fdb,0.6,3,1,singleton_scan,119,0,119,8,0.000000
OBS-00019,fd318b3ca0d3829c0849ee2a5ef783caaae72fdb,0.6,3,2,join_prune,28,0,28,18,0.000000
OBS-00019,fd318b3ca0d3829c0849ee2a5ef783caaae72fdb,0.6,3,3,join_prune,23,4,19,17,0.173913
OBS-00019,fd318b3ca0d3829c0849ee2a5ef783caaae72fdb,0.6,3,4,join_prune,13,6,7,7,0.461538
OBS-00019,fd318b3ca0d3829c0849ee2a5ef783caaae72fdb,0.6,3,5,join_prune,2,1,1,1,0.500000
OBS-00020,fd318b3ca0d3829c0849ee2a5ef783caaae72fdb,0.45,2,1,singleton_scan,119,0,119,18,0.000000
OBS-00020,fd318b3ca0d3829c0849ee2a5ef783caaae72fdb,0.45,2,2,join_prune,153,0,153,67,0.000000
OBS-00020,fd318b3ca0d3829c0849ee2a5ef783caaae72fdb,0.45,2,3,join_prune,175,60,115,110,0.342857
OBS-00020,fd318b3ca0d3829c0849ee2a5ef783caaae72fdb,0.45,2,4,join_prune,139,43,96,91,0.309353
OBS-00020,fd318b3ca0d3829c0849ee2a5ef783caaae72fdb,0.45,2,5,join_prune,49,12,37,37,0.244898
OBS-00020,fd318b3ca0d3829c0849ee2a5ef783caaae72fdb,0.45,2,6,join_prune,6,0,6,6,0.000000
OBS-00021,fd318b3ca0d3829c0849ee2a5ef783caaae72fdb,0.6,7,1,singleton_scan,119,0,119,8,0.000000
OBS-00021,fd318b3ca0d3829c0849ee2a5ef783caaae72fdb,0.6,7,2,join_prune,28,0,28,18,0.000000
OBS-00021,fd318b3ca0d3829c0849ee2a5ef783caaae72fdb,0.6,7,3,join_prune,23,4,19,17,0.173913
OBS-00021,fd318b3ca0d3829c0849ee2a5ef783caaae72fdb,0.6,7,4,join_prune,13,6,7,7,0.461538
OBS-00021,fd318b3ca0d3829c0849ee2a5ef783caaae72fdb,0.6,7,5,join_prune,2,1,1,1,0.500000
OBS-00022,fd318b3ca0d3829c0849ee2a5ef783caaae72fdb,0.6,4,1,singleton_scan,119,0,119,8,0.000000
OBS-00022,fd318b3ca0d3829c0849ee2a5ef783caaae72fdb,0.6,4,2,join_prune,28,0,28,18,0.000000
OBS-00022,fd318b3ca0d3829c0849ee2a5ef783caaae72fdb,0.6,4,3,join_prune,23,4,19,17,0.173913
OBS-00022,fd318b3ca0d3829c0849ee2a5ef783caaae72fdb,0.6,4,4,join_prune,13,6,7,7,0.461538
OBS-00022,fd318b3ca0d3829c0849ee2a5ef783caaae72fdb,0.6,4,5,join_prune,2,1,1,1,0.500000
OBS-00023,fd318b3ca0d3829c0849ee2a5ef783caaae72fdb,0.5,8,1,singleton_scan,119,0,119,13,0.000000
OBS-00023,fd318b3ca0d3829c0849ee2a5ef783caaae72fdb,0.5,8,2,join_prune,78,0,78,41,0.000000
OBS-00023,fd318b3ca0d3829c0849ee2a5ef783caaae72fdb,0.5,8,3,join_prune,75,12,63,56,0.160000
OBS-00023,fd318b3ca0d3829c0849ee2a5ef783caaae72fdb,0.5,8,4,join_prune,48,9,39,35,0.187500
OBS-00023,fd318b3ca0d3829c0849ee2a5ef783caaae72fdb,0.5,8,5,join_prune,15,7,8,8,0.466667
OBS-00023,fd318b3ca0d3829c0849ee2a5ef783caaae72fdb,0.5,8,6,join_prune,1,1,0,0,1.000000
OBS-00024,fd318b3ca0d3829c0849ee2a5ef783caaae72fdb,0.4,2,1,singleton_scan,119,0,119,21,0.000000
OBS-00024,fd318b3ca0d3829c0849ee2a5ef783caaae72fdb,0.4,2,2,join_prune,210,0,210,97,0.000000
OBS-00024,fd318b3ca0d3829c0849ee2a5ef783caaae72fdb,0.4,2,3,join_prune,321,106,215,185,0.330218
OBS-00024,fd318b3ca0d3829c0849ee2a5ef783caaae72fdb,0.4,2,4,join_prune,305,119,186,170,0.390164
OBS-00024,fd318b3ca0d3829c0849ee2a5ef783caaae72fdb,0.4,2,5,join_prune,130,52,78,76,0.400000
OBS-00024,fd318b3ca0d3829c0849ee2a5ef783caaae72fdb,0.4,2,6,join_prune,18,3,15,15,0.166667
OBS-00024,fd318b3ca0d3829c0849ee2a5ef783caaae72fdb,0.4,2,7,join_prune,1,0,1,1,0.000000
OBS-00025,fd318b3ca0d3829c0849ee2a5ef783caaae72fdb,0.45,7,1,singleton_scan,119,0,119,18,0.000000
OBS-00025,fd318b3ca0d3829c0849ee2a5ef783caaae72fdb,0.45,7,2,join_prune,153,0,153,67,0.000000
OBS-00025,fd318b3ca0d3829c0849ee2a5ef783caaae72fdb,0.45,7,3,join_prune,175,60,115,110,0.342857
OBS-00025,fd318b3ca0d3829c0849ee2a5ef783caaae72fdb,0.45,7,4,join_prune,139,43,96,91,0.309353
OBS-00025,fd318b3ca0d3829c0849ee2a5ef783caaae72fdb,0.45,7,5,join_prune,49,12,37,37,0.244898
OBS-00025,fd318b3ca0d3829c0849ee2a5ef783caaae72fdb,0.45,7,6,join_prune,6,0,6,6,0.000000
OBS-00026,fd318b3ca0d3829c0849ee2a5ef783caaae72fdb,0.35,4,1,singleton_scan,119,0,119,24,0.000000
OBS-00026,fd318b3ca0d3829c0849ee2a5ef783caaae72fdb,0.35,4,2,join_prune,276,0,276,131,0.000000
OBS-00026,fd318b3ca0d3829c0849ee2a5ef783caaae72fdb,0.35,4,3,join_prune,563,208,355,310,0.369449
OBS-00026,fd318b3ca0d3829c0849ee2a5ef783caaae72fdb,0.35,4,4,join_prune,649,243,406,379,0.374422
OBS-00026,fd318b3ca0d3829c0849ee2a5ef783caaae72fdb,0.35,4,5,join_prune,390,134,256,250,0.343590
OBS-00026,fd318b3ca0d3829c0849ee2a5ef783caaae72fdb,0.35,4,6,join_prune,118,34,84,84,0.288136
OBS-00026,fd318b3ca0d3829c0849ee2a5ef783caaae72fdb,0.35,4,7,join_prune,16,5,11,11,0.312500
OBS-00027,fd318b3ca0d3829c0849ee2a5ef783caaae72fdb,0.5,10,1,singleton_scan,119,0,119,13,0.000000
OBS-00027,fd318b3ca0d3829c0849ee2a5ef783caaae72fdb,0.5,10,2,join_prune,78,0,78,41,0.000000
OBS-00027,fd318b3ca0d3829c0849ee2a5ef783caaae72fdb,0.5,10,3,join_prune,75,12,63,56,0.160000
OBS-00027,fd318b3ca0d3829c0849ee2a5ef783caaae72fdb,0.5,10,4,join_prune,48,9,39,35,0.187500
OBS-00027,fd318b3ca0d3829c0849ee2a5ef783caaae72fdb,0.5,10,5,join_prune,15,7,8,8,0.466667
OBS-00027,fd318b3ca0d3829c0849ee2a5ef783caaae72fdb,0.5,10,6,join_prune,1,1,0,0,1.000000
OBS-00028,fd318b3ca0d3829c0849ee2a5ef783caaae72fdb,0.45,8,1,singleton_scan,119,0,119,18,0.000000
OBS-00028,fd318b3ca0d3829c0849ee2a5ef783caaae72fdb,0.45,8,2,join_prune,153,0,153,67,0.000000
OBS-00028,fd318b3ca0d3829c0849ee2a5ef783caaae72fdb,0.45,8,3,join_prune,175,60,115,110,0.342857
OBS-00028,fd318b3ca0d3829c0849ee2a5ef783caaae72fdb,0.45,8,4,join_prune,139,43,96,91,0.309353
OBS-00028,fd318b3ca0d3829c0849ee2a5ef783caaae72fdb,0.45,8,5,join_prune,49,12,37,37,0.244898
OBS-00028,fd318b3ca0d3829c0849ee2a5ef783caaae72fdb,0.45,8,6,join_prune,6,0,6,6,0.000000
OBS-00029,fd318b3ca0d3829c0849ee2a5ef783caaae72fdb,0.4,9,1,singleton_scan,119,0,119,21,0.000000
OBS-00029,fd318b3ca0d3829c0849ee2a5ef783caaae72fdb,0.4,9,2,join_prune,210,0,210,97,0.000000
OBS-00029,fd318b3ca0d3829c0849ee2a5ef783caaae72fdb,0.4,9,3,join_prune,321,106,215,185,0.330218
OBS-00029,fd318b3ca0d3829c0849ee2a5ef783caaae72fdb,0.4,9,4,join_prune,305,119,186,170,0.390164
OBS-00029,fd318b3ca0d3829c0849ee2a5ef783caaae72fdb,0.4,9,5,join_prune,130,52,78,76,0.400000
OBS-00029,fd318b3ca0d3829c0849ee2a5ef783caaae72fdb,0.4,9,6,join_prune,18,3,15,15,0.166667
OBS-00029,fd318b3ca0d3829c0849ee2a5ef783caaae72fdb,0.4,9,7,join_prune,1,0,1,1,0.000000
OBS-00030,fd318b3ca0d3829c0849ee2a5ef783caaae72fdb,0.4,3,1,singleton_scan,119,0,119,21,0.000000
OBS-00030,fd318b3ca0d3829c0849ee2a5ef783caaae72fdb,0.4,3,2,join_prune,210,0,210,97,0.000000
OBS-00030,fd318b3ca0d3829c0849ee2a5ef783caaae72fdb,0.4,3,3,join_prune,321,106,215,185,0.330218
OBS-00030,fd318b3ca0d3829c0849ee2a5ef783caaae72fdb,0.4,3,4,join_prune,305,119,186,170,0.390164
OBS-00030,fd318b3ca0d3829c0849ee2a5ef783caaae72fdb,0.4,3,5,join_prune,130,52,78,76,0.400000
OBS-00030,fd318b3ca0d3829c0849ee2a5ef783caaae72fdb,0.4,3,6,join_prune,18,3,15,15,0.166667
OBS-00030,fd318b3ca0d3829c0849ee2a5ef783caaae72fdb,0.4,3,7,join_prune,1,0,1,1,0.000000
OBS-00031,fd318b3ca0d3829c0849ee2a5ef783caaae72fdb,0.45,9,1,singleton_scan,119,0,119,18,0.000000
OBS-00031,fd318b3ca0d3829c0849ee2a5ef783caaae72fdb,0.45,9,2,join_prune,153,0,153,67,0.000000
OBS-00031,fd318b3ca0d3829c0849ee2a5ef783caaae72fdb,0.45,9,3,join_prune,175,60,115,110,0.342857
OBS-00031,fd318b3ca0d3829c0849ee2a5ef783caaae72fdb,0.45,9,4,join_prune,139,43,96,91,0.309353
OBS-00031,fd318b3ca0d3829c0849ee2a5ef783caaae72fdb,0.45,9,5,join_prune,49,12,37,37,0.244898
OBS-00031,fd318b3ca0d3829c0849ee2a5ef783caaae72fdb,0.45,9,6,join_prune,6,0,6,6,0.000000
OBS-00032,fd318b3ca0d3829c0849ee2a5ef783caaae72fdb,0.35,8,1,singleton_scan,119,0,119,24,0.000000
OBS-00032,fd318b3ca0d3829c0849ee2a5ef783caaae72fdb,0.35,8,2,join_prune,276,0,276,131,0.000000
OBS-00032,fd318b3ca0d3829c0849ee2a5ef783caaae72fdb,0.35,8,3,join_prune,563,208,355,310,0.369449
OBS-00032,fd318b3ca0d3829c0849ee2a5ef783caaae72fdb,0.35,8,4,join_prune,649,243,406,379,0.374422
OBS-00032,fd318b3ca0d3829c0849ee2a5ef783caaae72fdb,0.35,8,5,join_prune,390,134,256,250,0.343590
OBS-00032,fd318b3ca0d3829c0849ee2a5ef783caaae72fdb,0.35,8,6,join_prune,118,34,84,84,0.288136
OBS-00032,fd318b3ca0d3829c0849ee2a5ef783caaae72fdb,0.35,8,7,join_prune,16,5,11,11,0.312500
OBS-00033,fd318b3ca0d3829c0849ee2a5ef783caaae72fdb,0.6,6,1,singleton_scan,119,0,119,8,0.000000
OBS-00033,fd318b3ca0d3829c0849ee2a5ef783caaae72fdb,0.6,6,2,join_prune,28,0,28,18,0.000000
OBS-00033,fd318b3ca0d3829c0849ee2a5ef783caaae72fdb,0.6,6,3,join_prune,23,4,19,17,0.173913
OBS-00033,fd318b3ca0d3829c0849ee2a5ef783caaae72fdb,0.6,6,4,join_prune,13,6,7,7,0.461538
OBS-00033,fd318b3ca0d3829c0849ee2a5ef783caaae72fdb,0.6,6,5,join_prune,2,1,1,1,0.500000
OBS-00034,fd318b3ca0d3829c0849ee2a5ef783caaae72fdb,0.35,2,1,singleton_scan,119,0,119,24,0.000000
OBS-00034,fd318b3ca0d3829c0849ee2a5ef783caaae72fdb,0.35,2,2,join_prune,276,0,276,131,0.000000
OBS-00034,fd318b3ca0d3829c0849ee2a5ef783caaae72fdb,0.35,2,3,join_prune,563,208,355,310,0.369449
OBS-00034,fd318b3ca0d3829c0849ee2a5ef783caaae72fdb,0.35,2,4,join_prune,649,243,406,379,0.374422
OBS-00034,fd318b3ca0d3829c0849ee2a5ef783caaae72fdb,0.35,2,5,join_prune,390,134,256,250,0.343590
OBS-00034,fd318b3ca0d3829c0849ee2a5ef783caaae72fdb,0.35,2,6,join_prune,118,34,84,84,0.288136
OBS-00034,fd318b3ca0d3829c0849ee2a5ef783caaae72fdb,0.35,2,7,join_prune,16,5,11,11,0.312500
OBS-00035,fd318b3ca0d3829c0849ee2a5ef783caaae72fdb,0.45,10,1,singleton_scan,119,0,119,18,0.000000
OBS-00035,fd318b3ca0d3829c0849ee2a5ef783caaae72fdb,0.45,10,2,join_prune,153,0,153,67,0.000000
OBS-00035,fd318b3ca0d3829c0849ee2a5ef783caaae72fdb,0.45,10,3,join_prune,175,60,115,110,0.342857
OBS-00035,fd318b3ca0d3829c0849ee2a5ef783caaae72fdb,0.45,10,4,join_prune,139,43,96,91,0.309353
OBS-00035,fd318b3ca0d3829c0849ee2a5ef783caaae72fdb,0.45,10,5,join_prune,49,12,37,37,0.244898
OBS-00035,fd318b3ca0d3829c0849ee2a5ef783caaae72fdb,0.45,10,6,join_prune,6,0,6,6,0.000000
OBS-00036,fd318b3ca0d3829c0849ee2a5ef783caaae72fdb,0.35,7,1,singleton_scan,119,0,119,24,0.000000
OBS-00036,fd318b3ca0d3829c0849ee2a5ef783caaae72fdb,0.35,7,2,join_prune,276,0,276,131,0.000000
OBS-00036,fd318b3ca0d3829c0849ee2a5ef783caaae72fdb,0.35,7,3,join_prune,563,208,355,310,0.369449
OBS-00036,fd318b3ca0d3829c0849ee2a5ef783caaae72fdb,0.35,7,4,join_prune,649,243,406,379,0.374422
OBS-00036,fd318b3ca0d3829c0849ee2a5ef783caaae72fdb,0.35,7,5,join_prune,390,134,256,250,0.343590
OBS-00036,fd318b3ca0d3829c0849ee2a5ef783caaae72fdb,0.35,7,6,join_prune,118,34,84,84,0.288136
OBS-00036,fd318b3ca0d3829c0849ee2a5ef783caaae72fdb,0.35,7,7,join_prune,16,5,11,11,0.312500
OBS-00037,fd318b3ca0d3829c0849ee2a5ef783caaae72fdb,0.6,5,1,singleton_scan,119,0,119,8,0.000000
OBS-00037,fd318b3ca0d3829c0849ee2a5ef783caaae72fdb,0.6,5,2,join_prune,28,0,28,18,0.000000
OBS-00037,fd318b3ca0d3829c0849ee2a5ef783caaae72fdb,0.6,5,3,join_prune,23,4,19,17,0.173913
OBS-00037,fd318b3ca0d3829c0849ee2a5ef783caaae72fdb,0.6,5,4,join_prune,13,6,7,7,0.461538
OBS-00037,fd318b3ca0d3829c0849ee2a5ef783caaae72fdb,0.6,5,5,join_prune,2,1,1,1,0.500000
OBS-00038,fd318b3ca0d3829c0849ee2a5ef783caaae72fdb,0.6,8,1,singleton_scan,119,0,119,8,0.000000
OBS-00038,fd318b3ca0d3829c0849ee2a5ef783caaae72fdb,0.6,8,2,join_prune,28,0,28,18,0.000000
OBS-00038,fd318b3ca0d3829c0849ee2a5ef783caaae72fdb,0.6,8,3,join_prune,23,4,19,17,0.173913
OBS-00038,fd318b3ca0d3829c0849ee2a5ef783caaae72fdb,0.6,8,4,join_prune,13,6,7,7,0.461538
OBS-00038,fd318b3ca0d3829c0849ee2a5ef783caaae72fdb,0.6,8,5,join_prune,2,1,1,1,0.500000
OBS-00039,fd318b3ca0d3829c0849ee2a5ef783caaae72fdb,0.6,9,1,singleton_scan,119,0,119,8,0.000000
OBS-00039,fd318b3ca0d3829c0849ee2a5ef783caaae72fdb,0.6,9,2,join_prune,28,0,28,18,0.000000
OBS-00039,fd318b3ca0d3829c0849ee2a5ef783caaae72fdb,0.6,9,3,join_prune,23,4,19,17,0.173913
OBS-00039,fd318b3ca0d3829c0849ee2a5ef783caaae72fdb,0.6,9,4,join_prune,13,6,7,7,0.461538
OBS-00039,fd318b3ca0d3829c0849ee2a5ef783caaae72fdb,0.6,9,5,join_prune,2,1,1,1,0.500000
OBS-00040,fd318b3ca0d3829c0849ee2a5ef783caaae72fdb,0.4,6,1,singleton_scan,119,0,119,21,0.000000
OBS-00040,fd318b3ca0d3829c0849ee2a5ef783caaae72fdb,0.4,6,2,join_prune,210,0,210,97,0.000000
OBS-00040,fd318b3ca0d3829c0849ee2a5ef783caaae72fdb,0.4,6,3,join_prune,321,106,215,185,0.330218
OBS-00040,fd318b3ca0d3829c0849ee2a5ef783caaae72fdb,0.4,6,4,join_prune,305,119,186,170,0.390164
OBS-00040,fd318b3ca0d3829c0849ee2a5ef783caaae72fdb,0.4,6,5,join_prune,130,52,78,76,0.400000
OBS-00040,fd318b3ca0d3829c0849ee2a5ef783caaae72fdb,0.4,6,6,join_prune,18,3,15,15,0.166667
OBS-00040,fd318b3ca0d3829c0849ee2a5ef783caaae72fdb,0.4,6,7,join_prune,1,0,1,1,0.000000
OBS-00041,fd318b3ca0d3829c0849ee2a5ef783caaae72fdb,0.4,4,1,singleton_scan,119,0,119,21,0.000000
OBS-00041,fd318b3ca0d3829c0849ee2a5ef783caaae72fdb,0.4,4,2,join_prune,210,0,210,97,0.000000
OBS-00041,fd318b3ca0d3829c0849ee2a5ef783caaae72fdb,0.4,4,3,join_prune,321,106,215,185,0.330218
OBS-00041,fd318b3ca0d3829c0849ee2a5ef783caaae72fdb,0.4,4,4,join_prune,305,119,186,170,0.390164
OBS-00041,fd318b3ca0d3829c0849ee2a5ef783caaae72fdb,0.4,4,5,join_prune,130,52,78,76,0.400000
OBS-00041,fd318b3ca0d3829c0849ee2a5ef783caaae72fdb,0.4,4,6,join_prune,18,3,15,15,0.166667
OBS-00041,fd318b3ca0d3829c0849ee2a5ef783caaae72fdb,0.4,4,7,join_prune,1,0,1,1,0.000000
OBS-00042,fd318b3ca0d3829c0849ee2a5ef783caaae72fdb,0.35,10,1,singleton_scan,119,0,119,24,0.000000
OBS-00042,fd318b3ca0d3829c0849ee2a5ef783caaae72fdb,0.35,10,2,join_prune,276,0,276,131,0.000000
OBS-00042,fd318b3ca0d3829c0849ee2a5ef783caaae72fdb,0.35,10,3,join_prune,563,208,355,310,0.369449
OBS-00042,fd318b3ca0d3829c0849ee2a5ef783caaae72fdb,0.35,10,4,join_prune,649,243,406,379,0.374422
OBS-00042,fd318b3ca0d3829c0849ee2a5ef783caaae72fdb,0.35,10,5,join_prune,390,134,256,250,0.343590
OBS-00042,fd318b3ca0d3829c0849ee2a5ef783caaae72fdb,0.35,10,6,join_prune,118,34,84,84,0.288136
OBS-00042,fd318b3ca0d3829c0849ee2a5ef783caaae72fdb,0.35,10,7,join_prune,16,5,11,11,0.312500
OBS-00043,fd318b3ca0d3829c0849ee2a5ef783caaae72fdb,0.4,8,1,singleton_scan,119,0,119,21,0.000000
OBS-00043,fd318b3ca0d3829c0849ee2a5ef783caaae72fdb,0.4,8,2,join_prune,210,0,210,97,0.000000
OBS-00043,fd318b3ca0d3829c0849ee2a5ef783caaae72fdb,0.4,8,3,join_prune,321,106,215,185,0.330218
OBS-00043,fd318b3ca0d3829c0849ee2a5ef783caaae72fdb,0.4,8,4,join_prune,305,119,186,170,0.390164
OBS-00043,fd318b3ca0d3829c0849ee2a5ef783caaae72fdb,0.4,8,5,join_prune,130,52,78,76,0.400000
OBS-00043,fd318b3ca0d3829c0849ee2a5ef783caaae72fdb,0.4,8,6,join_prune,18,3,15,15,0.166667
OBS-00043,fd318b3ca0d3829c0849ee2a5ef783caaae72fdb,0.4,8,7,join_prune,1,0,1,1,0.000000
OBS-00044,fd318b3ca0d3829c0849ee2a5ef783caaae72fdb,0.5,6,1,singleton_scan,119,0,119,13,0.000000
OBS-00044,fd318b3ca0d3829c0849ee2a5ef783caaae72fdb,0.5,6,2,join_prune,78,0,78,41,0.000000
OBS-00044,fd318b3ca0d3829c0849ee2a5ef783caaae72fdb,0.5,6,3,join_prune,75,12,63,56,0.160000
OBS-00044,fd318b3ca0d3829c0849ee2a5ef783caaae72fdb,0.5,6,4,join_prune,48,9,39,35,0.187500
OBS-00044,fd318b3ca0d3829c0849ee2a5ef783caaae72fdb,0.5,6,5,join_prune,15,7,8,8,0.466667
OBS-00044,fd318b3ca0d3829c0849ee2a5ef783caaae72fdb,0.5,6,6,join_prune,1,1,0,0,1.000000
OBS-00045,fd318b3ca0d3829c0849ee2a5ef783caaae72fdb,0.45,3,1,singleton_scan,119,0,119,18,0.000000
OBS-00045,fd318b3ca0d3829c0849ee2a5ef783caaae72fdb,0.45,3,2,join_prune,153,0,153,67,0.000000
OBS-00045,fd318b3ca0d3829c0849ee2a5ef783caaae72fdb,0.45,3,3,join_prune,175,60,115,110,0.342857
OBS-00045,fd318b3ca0d3829c0849ee2a5ef783caaae72fdb,0.45,3,4,join_prune,139,43,96,91,0.309353
OBS-00045,fd318b3ca0d3829c0849ee2a5ef783caaae72fdb,0.45,3,5,join_prune,49,12,37,37,0.244898
OBS-00045,fd318b3ca0d3829c0849ee2a5ef783caaae72fdb,0.45,3,6,join_prune,6,0,6,6,0.000000
OBS-00046,fd318b3ca0d3829c0849ee2a5ef783caaae72fdb,0.35,9,1,singleton_scan,119,0,119,24,0.000000
OBS-00046,fd318b3ca0d3829c0849ee2a5ef783caaae72fdb,0.35,9,2,join_prune,276,0,276,131,0.000000
OBS-00046,fd318b3ca0d3829c0849ee2a5ef783caaae72fdb,0.35,9,3,join_prune,563,208,355,310,0.369449
OBS-00046,fd318b3ca0d3829c0849ee2a5ef783caaae72fdb,0.35,9,4,join_prune,649,243,406,379,0.374422
OBS-00046,fd318b3ca0d3829c0849ee2a5ef783caaae72fdb,0.35,9,5,join_prune,390,134,256,250,0.343590
OBS-00046,fd318b3ca0d3829c0849ee2a5ef783caaae72fdb,0.35,9,6,join_prune,118,34,84,84,0.288136
OBS-00046,fd318b3ca0d3829c0849ee2a5ef783caaae72fdb,0.35,9,7,join_prune,16,5,11,11,0.312500
OBS-00047,fd318b3ca0d3829c0849ee2a5ef783caaae72fdb,0.35,3,1,singleton_scan,119,0,119,24,0.000000
OBS-00047,fd318b3ca0d3829c0849ee2a5ef783caaae72fdb,0.35,3,2,join_prune,276,0,276,131,0.000000
OBS-00047,fd318b3ca0d3829c0849ee2a5ef783caaae72fdb,0.35,3,3,join_prune,563,208,355,310,0.369449
OBS-00047,fd318b3ca0d3829c0849ee2a5ef783caaae72fdb,0.35,3,4,join_prune,649,243,406,379,0.374422
OBS-00047,fd318b3ca0d3829c0849ee2a5ef783caaae72fdb,0.35,3,5,join_prune,390,134,256,250,0.343590
OBS-00047,fd318b3ca0d3829c0849ee2a5ef783caaae72fdb,0.35,3,6,join_prune,118,34,84,84,0.288136
OBS-00047,fd318b3ca0d3829c0849ee2a5ef783caaae72fdb,0.35,3,7,join_prune,16,5,11,11,0.312500
OBS-00048,fd318b3ca0d3829c0849ee2a5ef783caaae72fdb,0.5,2,1,singleton_scan,119,0,119,13,0.000000
OBS-00048,fd318b3ca0d3829c0849ee2a5ef783caaae72fdb,0.5,2,2,join_prune,78,0,78,41,0.000000
OBS-00048,fd318b3ca0d3829c0849ee2a5ef783caaae72fdb,0.5,2,3,join_prune,75,12,63,56,0.160000
OBS-00048,fd318b3ca0d3829c0849ee2a5ef783caaae72fdb,0.5,2,4,join_prune,48,9,39,35,0.187500
OBS-00048,fd318b3ca0d3829c0849ee2a5ef783caaae72fdb,0.5,2,5,join_prune,15,7,8,8,0.466667
OBS-00048,fd318b3ca0d3829c0849ee2a5ef783caaae72fdb,0.5,2,6,join_prune,1,1,0,0,1.000000
OBS-00049,fd318b3ca0d3829c0849ee2a5ef783caaae72fdb,0.6,10,1,singleton_scan,119,0,119,8,0.000000
OBS-00049,fd318b3ca0d3829c0849ee2a5ef783caaae72fdb,0.6,10,2,join_prune,28,0,28,18,0.000000
OBS-00049,fd318b3ca0d3829c0849ee2a5ef783caaae72fdb,0.6,10,3,join_prune,23,4,19,17,0.173913
OBS-00049,fd318b3ca0d3829c0849ee2a5ef783caaae72fdb,0.6,10,4,join_prune,13,6,7,7,0.461538
OBS-00049,fd318b3ca0d3829c0849ee2a5ef783caaae72fdb,0.6,10,5,join_prune,2,1,1,1,0.500000
OBS-00050,fd318b3ca0d3829c0849ee2a5ef783caaae72fdb,0.45,4,1,singleton_scan,119,0,119,18,0.000000
OBS-00050,fd318b3ca0d3829c0849ee2a5ef783caaae72fdb,0.45,4,2,join_prune,153,0,153,67,0.000000
OBS-00050,fd318b3ca0d3829c0849ee2a5ef783caaae72fdb,0.45,4,3,join_prune,175,60,115,110,0.342857
OBS-00050,fd318b3ca0d3829c0849ee2a5ef783caaae72fdb,0.45,4,4,join_prune,139,43,96,91,0.309353
OBS-00050,fd318b3ca0d3829c0849ee2a5ef783caaae72fdb,0.45,4,5,join_prune,49,12,37,37,0.244898
OBS-00050,fd318b3ca0d3829c0849ee2a5ef783caaae72fdb,0.45,4,6,join_prune,6,0,6,6,0.000000
